repo,name
golang/go,weekly.2012-03-27
golang/go,weekly.2012-03-22
golang/go,weekly.2012-03-13
golang/go,weekly.2012-03-04
golang/go,weekly.2012-02-22
golang/go,weekly.2012-02-14
golang/go,weekly.2012-02-07
golang/go,weekly.2012-01-27
golang/go,weekly.2012-01-20
golang/go,weekly.2012-01-15
golang/go,weekly.2011-12-22
golang/go,weekly.2011-12-14
golang/go,weekly.2011-12-06
golang/go,weekly.2011-12-02
golang/go,weekly.2011-12-01
golang/go,weekly.2011-11-18
golang/go,weekly.2011-11-09
golang/go,weekly.2011-11-08
golang/go,weekly.2011-11-02
golang/go,weekly.2011-11-01
golang/go,weekly.2011-10-26
golang/go,weekly.2011-10-25
golang/go,weekly.2011-10-18
golang/go,weekly.2011-10-06
golang/go,weekly.2011-09-21
golang/go,weekly.2011-09-16
golang/go,weekly.2011-09-07
golang/go,weekly.2011-09-01
golang/go,weekly.2011-08-17
golang/go,weekly.2011-08-10
golang/go,weekly.2011-07-29
golang/go,weekly.2011-07-19
golang/go,weekly.2011-07-07
golang/go,weekly.2011-06-23
golang/go,weekly.2011-06-16
golang/go,weekly.2011-06-09
golang/go,weekly.2011-06-02
golang/go,weekly.2011-05-22
golang/go,weekly.2011-04-27
golang/go,weekly.2011-04-13
golang/go,weekly.2011-04-04
golang/go,weekly.2011-03-28
golang/go,weekly.2011-03-15
golang/go,weekly.2011-03-07.1
golang/go,weekly.2011-03-07
golang/go,weekly.2011-02-24
golang/go,weekly.2011-02-15
golang/go,weekly.2011-02-01.1
golang/go,weekly.2011-02-01
golang/go,weekly.2011-01-20
golang/go,weekly.2011-01-19
golang/go,weekly.2011-01-12
golang/go,weekly.2011-01-06
golang/go,weekly.2010-12-22
golang/go,weekly.2010-12-15.1
golang/go,weekly.2010-12-15
golang/go,weekly.2010-12-08
golang/go,weekly.2010-12-02
golang/go,weekly.2010-11-23
golang/go,weekly.2010-11-10
golang/go,weekly.2010-11-02
golang/go,weekly.2010-10-27
golang/go,weekly.2010-10-20
golang/go,weekly.2010-10-13.1
golang/go,weekly.2010-10-13
golang/go,weekly.2010-09-29
golang/go,weekly.2010-09-22
golang/go,weekly.2010-09-15
golang/go,weekly.2010-09-06
golang/go,weekly.2010-08-25
golang/go,weekly.2010-08-11
golang/go,weekly.2010-08-04
golang/go,weekly.2010-07-29
golang/go,weekly.2010-07-14
golang/go,weekly.2010-07-01
golang/go,weekly.2010-06-21
golang/go,weekly.2010-06-09
golang/go,weekly.2010-05-27
golang/go,weekly.2010-05-04
golang/go,weekly.2010-04-27
golang/go,weekly.2010-04-13
golang/go,weekly.2010-03-30
golang/go,weekly.2010-03-22
golang/go,weekly.2010-03-15
golang/go,weekly.2010-03-04
golang/go,weekly.2010-02-23
golang/go,weekly.2010-02-17
golang/go,weekly.2010-02-04
golang/go,weekly.2010-01-27
golang/go,weekly.2010-01-13
golang/go,weekly.2010-01-05
golang/go,weekly.2009-12-22
golang/go,weekly.2009-12-09
golang/go,weekly.2009-12-07
golang/go,weekly.2009-11-17
golang/go,weekly.2009-11-12
golang/go,weekly.2009-11-10.1
golang/go,weekly.2009-11-10
golang/go,weekly.2009-11-06
golang/go,weekly
golang/go,release.r60.3
golang/go,release.r60.2
golang/go,release.r60.1
golang/go,release.r60
golang/go,release.r59
golang/go,release.r58.2
golang/go,release.r58.1
golang/go,release.r58
golang/go,release.r57.2
golang/go,release.r57.1
golang/go,release.r57
golang/go,release.r56
golang/go,go1.19.1
golang/go,go1.19
golang/go,go1.19rc2
golang/go,go1.19rc1
golang/go,go1.19beta1
golang/go,go1.18.6
golang/go,go1.18.5
golang/go,go1.18.4
golang/go,go1.18.3
golang/go,go1.18.2
golang/go,go1.18.1
golang/go,go1.18
golang/go,go1.18rc1
golang/go,go1.18beta2
golang/go,go1.18beta1
golang/go,go1.17.13
golang/go,go1.17.12
golang/go,go1.17.11
golang/go,go1.17.10
golang/go,go1.17.9
golang/go,go1.17.8
golang/go,go1.17.7
golang/go,go1.17.6
golang/go,go1.17.5
golang/go,go1.17.4
golang/go,go1.17.3
golang/go,go1.17.2
golang/go,go1.17.1
golang/go,go1.17
golang/go,go1.17rc2
golang/go,go1.17rc1
golang/go,go1.17beta1
golang/go,go1.16.15
golang/go,go1.16.14
golang/go,go1.16.13
golang/go,go1.16.12
golang/go,go1.16.11
golang/go,go1.16.10
golang/go,go1.16.9
golang/go,go1.16.8
golang/go,go1.16.7
golang/go,go1.16.6
golang/go,go1.16.5
golang/go,go1.16.4
golang/go,go1.16.3
golang/go,go1.16.2
golang/go,go1.16.1
golang/go,go1.16
golang/go,go1.16rc1
golang/go,go1.16beta1
golang/go,go1.15.15
golang/go,go1.15.14
golang/go,go1.15.13
golang/go,go1.15.12
golang/go,go1.15.11
golang/go,go1.15.10
golang/go,go1.15.9
golang/go,go1.15.8
golang/go,go1.15.7
golang/go,go1.15.6
golang/go,go1.15.5
golang/go,go1.15.4
golang/go,go1.15.3
golang/go,go1.15.2
golang/go,go1.15.1
golang/go,go1.15
golang/go,go1.15rc2
golang/go,go1.15rc1
golang/go,go1.15beta1
golang/go,go1.14.15
golang/go,go1.14.14
golang/go,go1.14.13
golang/go,go1.14.12
golang/go,go1.14.11
golang/go,go1.14.10
golang/go,go1.14.9
golang/go,go1.14.8
golang/go,go1.14.7
golang/go,go1.14.6
golang/go,go1.14.5
golang/go,go1.14.4
golang/go,go1.14.3
golang/go,go1.14.2
golang/go,go1.14.1
golang/go,go1.14
golang/go,go1.14rc1
golang/go,go1.14beta1
golang/go,go1.13.15
golang/go,go1.13.14
golang/go,go1.13.13
golang/go,go1.13.12
golang/go,go1.13.11
golang/go,go1.13.10
golang/go,go1.13.9
golang/go,go1.13.8
golang/go,go1.13.7
golang/go,go1.13.6
golang/go,go1.13.5
golang/go,go1.13.4
golang/go,go1.13.3
golang/go,go1.13.2
golang/go,go1.13.1
golang/go,go1.13
golang/go,go1.13rc2
golang/go,go1.13rc1
golang/go,go1.13beta1
golang/go,go1.12.17
golang/go,go1.12.16
golang/go,go1.12.15
golang/go,go1.12.14
golang/go,go1.12.13
golang/go,go1.12.12
golang/go,go1.12.11
golang/go,go1.12.10
golang/go,go1.12.9
golang/go,go1.12.8
golang/go,go1.12.7
golang/go,go1.12.6
golang/go,go1.12.5
golang/go,go1.12.4
golang/go,go1.12.3
golang/go,go1.12.2
golang/go,go1.12.1
golang/go,go1.12
golang/go,go1.12rc1
golang/go,go1.12beta2
golang/go,go1.12beta1
golang/go,go1.11.13
golang/go,go1.11.12
golang/go,go1.11.11
golang/go,go1.11.10
golang/go,go1.11.9
golang/go,go1.11.8
golang/go,go1.11.7
golang/go,go1.11.6
golang/go,go1.11.5
golang/go,go1.11.4
golang/go,go1.11.3
golang/go,go1.11.2
golang/go,go1.11.1
golang/go,go1.11
golang/go,go1.11rc2
golang/go,go1.11rc1
golang/go,go1.11beta3
golang/go,go1.11beta2
golang/go,go1.11beta1
golang/go,go1.10.8
golang/go,go1.10.7
golang/go,go1.10.6
golang/go,go1.10.5
golang/go,go1.10.4
golang/go,go1.10.3
golang/go,go1.10.2
golang/go,go1.10.1
golang/go,go1.10
golang/go,go1.10rc2
golang/go,go1.10rc1
golang/go,go1.10beta2
golang/go,go1.10beta1
golang/go,go1.9.7
golang/go,go1.9.6
golang/go,go1.9.5
golang/go,go1.9.4
golang/go,go1.9.3
golang/go,go1.9.2
golang/go,go1.9.1
golang/go,go1.9
golang/go,go1.9rc2
golang/go,go1.9rc1
golang/go,go1.9beta2
golang/go,go1.9beta1
golang/go,go1.8.7
golang/go,go1.8.6
golang/go,go1.8.5
golang/go,go1.8.5rc5
golang/go,go1.8.5rc4
golang/go,go1.8.4
golang/go,go1.8.3
golang/go,go1.8.2
golang/go,go1.8.1
golang/go,go1.8
golang/go,go1.8rc3
golang/go,go1.8rc2
golang/go,go1.8rc1
golang/go,go1.8beta2
golang/go,go1.8beta1
golang/go,go1.7.6
golang/go,go1.7.5
golang/go,go1.7.4
golang/go,go1.7.3
golang/go,go1.7.2
golang/go,go1.7.1
golang/go,go1.7
golang/go,go1.7rc6
golang/go,go1.7rc5
golang/go,go1.7rc4
golang/go,go1.7rc3
golang/go,go1.7rc2
golang/go,go1.7rc1
golang/go,go1.7beta2
golang/go,go1.7beta1
golang/go,go1.6.4
golang/go,go1.6.3
golang/go,go1.6.2
golang/go,go1.6.1
golang/go,go1.6
golang/go,go1.6rc2
golang/go,go1.6rc1
golang/go,go1.6beta2
golang/go,go1.6beta1
golang/go,go1.5.4
golang/go,go1.5.3
golang/go,go1.5.2
golang/go,go1.5.1
golang/go,go1.5
golang/go,go1.5rc1
golang/go,go1.5beta3
golang/go,go1.5beta2
golang/go,go1.5beta1
golang/go,go1.4.3
golang/go,go1.4.2
golang/go,go1.4.1
golang/go,go1.4
golang/go,go1.4rc2
golang/go,go1.4rc1
golang/go,go1.4beta1
golang/go,go1.3.3
golang/go,go1.3.2
golang/go,go1.3.1
golang/go,go1.3
golang/go,go1.3rc2
golang/go,go1.3rc1
golang/go,go1.3beta2
golang/go,go1.3beta1
golang/go,go1.2.2
golang/go,go1.2.1
golang/go,go1.2
golang/go,go1.2rc5
golang/go,go1.2rc4
golang/go,go1.2rc3
golang/go,go1.2rc2
golang/go,go1.1.2
golang/go,go1.1.1
golang/go,go1.1
golang/go,go1.1rc3
golang/go,go1.1rc2
golang/go,go1.0.3
golang/go,go1.0.2
golang/go,go1.0.1
golang/go,go1
